DEPARTMENT,DEPARTMENT_NAME
3623b50b1bcd3d903f90a977b04bcb7b,User Product Management
eaa2f1471bcd3d903f90a977b04bcba1,Assistance - CSC
3aa2f1471bcd3d903f90a977b04bcbdb,Registered Nurses
7cdb48591b2331d039ffec65bd4bcbce,Actuarial TM
961b66e01bc6ec90536eddf1cd4bcb1e,Customer Service Delivery
64c2fd471bcd3d903f90a977b04bcb43,Actuarial
d988566193e59a101fa302e548373ca1,Technical Support ManagerÂ 
68a231471bcd3d903f90a977b04bcb90,Software Development
cc3083a31ba5ce10088d0d866e4bcbe1,Telecom
9b92fd071bcd3d903f90a977b04bcb1d,Assistance - CSR
7623b50b1bcd3d903f90a977b04bcb88,IT - Infrastructure
a30b22e01bc6ec90536eddf1cd4bcb9c,Delivery Centers
59df25c71b8d3d903f90a977b04bcb76,Network Operations
aa555da91b2f7d90ebbbec65bd4bcbde,Client Onboarding TM
d9531d941b354250a729a977b04bcb2a,IT - HelpDesk
f292bd071bcd3d903f90a977b04bcb60,Accounting
384d21e41b514e90648799751a4bcb1a,OCIO
8cabc3a31b37bd1039ffec65bd4bcb01,Technical Excellence
7ca231471bcd3d903f90a977b04bcbfd,Client Onboarding
41a271471bcd3d903f90a977b04bcb64,Sales /AM-FEP
1f0d3ad11b210e5001ef99751a4bcb77,Application Platform
84b275471bcd3d903f90a977b04bcbab,Compliance
9392bd071bcd3d903f90a977b04bcbf2,Claims Processing
c713710b1bcd3d903f90a977b04bcb7c,MIS
a792fd071bcd3d903f90a977b04bcb4e,Operations Strategy
9976ce8b1bddf110e7aaa977b04bcb86,Audit
82a2b1471bcd3d903f90a977b04bcbaf,Travel Assistance - GGA TI
e123350b1bcd3d903f90a977b04bcbfb,Underwriting
10c83e891b013950088d0d866e4bcbb1,
fe92bd071bcd3d903f90a977b04bcb84,Claims
5ea2f1471bcd3d903f90a977b04bcb2b,Sales/AM- A&A
ddd2b5871bcd3d903f90a977b04bcb22,Networks - FEP
031d36151b210e5001ef99751a4bcbf9,Data Solutions
b193f1cb1bcd3d903f90a977b04bcbf4,Accounts Receivable
b1a2b1471bcd3d903f90a977b04bcb73,Training
3453f54b1bcd3d903f90a977b04bcb9a,Legal
cb53f94b1bcd3d903f90a977b04bcb89,Product Development
d2a2f1471bcd3d903f90a977b04bcb3d,Claims Processing -TM
9c44272a1baefc58b92eec65bd4bcbbd,Project Management Office (PMO)
cf55dda91b2f7d90ebbbec65bd4bcb5c,Sales TM
36a235471bcd3d903f90a977b04bcb07,Programming
bc44b5431b017d903f90a977b04bcbb7,Lodging Acquisitions
4392bd071bcd3d903f90a977b04bcba4,Customer Service
7333bd0b1bcd3d903f90a977b04bcbbc,Information Security
7d33b90b1bcd3d903f90a977b04bcbcd,Accounts Payable
d8637d4b1bcd3d903f90a977b04bcb40,Support Services
e75511e91b2f7d90ebbbec65bd4bcba9,Sales Acq TM
5ba235471bcd3d903f90a977b04bcb8f,Ops Travel Insurance Admin
36559da91b2f7d90ebbbec65bd4bcba2,Client Relations TM
0e63fd4b1bcd3d903f90a977b04bcba0,Administration - Other
4e9335cb1bcd3d903f90a977b04bcb13,IT Ecosystems
a8e2f9871bcd3d903f90a977b04bcb08,Project Management
0792bd071bcd3d903f90a977b04bcbb5,Human Resources
0623750b1bcd3d903f90a977b04bcbbe,Benefits & Analytics
39535d941b354250a729a977b04bcb09,IT - DevOps
ed258a651b880610ebbbec65bd4bcbff,Finance Transformation
3844b5431b017d903f90a977b04bcb99,Lodging
31a2b1471bcd3d903f90a977b04bcb62,Assistance - FEP
5ff9fa031b5182d0b92eec65bd4bcb0f,EA Japan
cbd239871bcd3d903f90a977b04bcbc3,Sales
add2b5871bcd3d903f90a977b04bcb76,Marketing
aebe0b7d1b88c610648799751a4bcb41,Claims Accounting
e223b50b1bcd3d903f90a977b04bcb31,Retail Services
b313b10b1bcd3d903f90a977b04bcb65,IT Data & Architecture
f4d3f94f1bcd3d903f90a977b04bcb03,B2C Acquisitions
4cd235871bcd3d903f90a977b04bcb50,Claims Management
ac62ae761bef4e50648799751a4bcb03,FP&A & Finance Transformation
a3f275c71bcd3d903f90a977b04bcb5c,Claims- GUSB
1cb275471bcd3d903f90a977b04bcbe5,Talent Acquisition & Development
3724bd031b017d903f90a977b04bcb4e,IT
1e3471431b017d903f90a977b04bcbf8,Corporate Strategy
